INSERT INTO sales.categories (category_id, category_name) VALUES (1, 'Laptop');
INSERT INTO sales.categories (category_id, category_name) VALUES (2, 'Keyboard');
INSERT INTO sales.categories (category_id, category_name) VALUES (3, 'Mouse');
INSERT INTO sales.categories (category_id, category_name) VALUES (4, 'Monitor');
INSERT INTO sales.categories (category_id, category_name) VALUES (5, 'Headphones');
INSERT INTO sales.categories (category_id, category_name) VALUES (6, 'Printer');
INSERT INTO sales.categories (category_id, category_name) VALUES (7, 'Tablet');
INSERT INTO sales.categories (category_id, category_name) VALUES (8, 'Smartphone');
INSERT INTO sales.categories (category_id, category_name) VALUES (9, 'Camera');
INSERT INTO sales.categories (category_id, category_name) VALUES (10, 'Speakers');
INSERT INTO sales.categories (category_id, category_name) VALUES (11, 'PC');

INSERT INTO sales.products (category_id, product_name, brand, price) VALUES (1, 'VivoBook', 'ASUS', 1299.99);
INSERT INTO sales.products (category_id, product_name, brand, price) VALUES (1, 'MacBook Air', 'Apple', 999.00);
INSERT INTO sales.products (category_id, product_name, brand, price) VALUES (1, 'ThinkPad X1 Carbon', 'Lenovo', 1499.99);
INSERT INTO sales.products (category_id, product_name, brand, price) VALUES (2, 'G Pro X Mechanical Gaming Keyboard', 'Logitech', 149.99);
INSERT INTO sales.products (category_id, product_name, brand, price) VALUES (2, 'K70 RGB MK.2 SE Mechanical Gaming Keyboard', 'Corsair', 169.99);
INSERT INTO sales.products (category_id, product_name, brand, price) VALUES (3, 'MX Master 3 Advanced Wireless Mouse', 'Logitech', 99.99);
INSERT INTO sales.products (category_id, product_name, brand, price) VALUES (3, 'G502 HERO High Performance Gaming Mouse', 'Logitech', 79.99);
INSERT INTO sales.products (category_id, product_name, brand, price) VALUES (4, 'UltraSharp 27 4K USB-C Monitor', 'Dell', 799.99);
INSERT INTO sales.products (category_id, product_name, brand, price) VALUES (4, 'Predator X27 Gaming Monitor', 'Acer', 1999.99);
INSERT INTO sales.products (category_id, product_name, brand, price) VALUES (5, 'QuietComfort 35 II Wireless Noise Cancelling Headphones', 'Bose', 299.99);
INSERT INTO sales.products (category_id, product_name, brand, price) VALUES (5, 'WH-1000XM4 Wireless Noise Cancelling Headphones', 'Sony', 349.99);
INSERT INTO sales.products (category_id, product_name, brand, price) VALUES (6, 'LaserJet Pro MFP M281fdw', 'HP', 449.99);
INSERT INTO sales.products (category_id, product_name, brand, price) VALUES (6, 'Expression Photo HD XP-15000 Wireless Color Wide-Format Printer', 'Epson', 349.99);
INSERT INTO sales.products (category_id, product_name, brand, price) VALUES (7, 'iPad Pro', 'Apple', 799.00);
INSERT INTO sales.products (category_id, product_name, brand, price) VALUES (7, 'Galaxy Tab S7+', 'Samsung', 849.99);
INSERT INTO sales.products (category_id, product_name, brand, price) VALUES (8, 'iPhone 13 Pro', 'Apple', 999.00);
INSERT INTO sales.products (category_id, product_name, brand, price) VALUES (8, 'Galaxy S21 Ultra 5G', 'Samsung', 1199.99);
INSERT INTO sales.products (category_id, product_name, brand, price) VALUES (9, 'EOS R6 Mirrorless Camera', 'Canon', 2499.00);
INSERT INTO sales.products (category_id, product_name, brand, price) VALUES (9, 'Alpha 7R IV Full-frame Mirrorless Camera', 'Sony', 2999.99);
INSERT INTO sales.products (category_id, product_name, brand, price) VALUES (10, 'Z623 2.1 Speaker System', 'Logitech', 119.99);
INSERT INTO sales.products (category_id, product_name, brand, price) VALUES (10, 'ProMedia 2.1 THX Certified Computer Speaker System', 'Klipsch', 149.99);
INSERT INTO sales.products (category_id, product_name, brand, price) VALUES (1, 'XPS 13', 'Dell', 1199.99);
INSERT INTO sales.products (category_id, product_name, brand, price) VALUES (1, 'Surface Laptop 4', 'Microsoft', 999.99);
INSERT INTO sales.products (category_id, product_name, brand, price) VALUES (1, 'Chromebook Flip C434', 'ASUS', 549.99);
INSERT INTO sales.products (category_id, product_name, brand, price) VALUES (2, 'G915 TKL LIGHTSPEED Wireless RGB Mechanical Gaming Keyboard', 'Logitech', 229.99);
INSERT INTO sales.products (category_id, product_name, brand, price) VALUES (2, 'Apex 7 TKL Compact Mechanical Gaming Keyboard', 'SteelSeries', 129.99);
INSERT INTO sales.products (category_id, product_name, brand, price) VALUES (3, 'DeathAdder V2 Pro Wireless Gaming Mouse', 'Razer', 129.99);
INSERT INTO sales.products (category_id, product_name, brand, price) VALUES (3, 'Mamba Elite Wired Gaming Mouse', 'Razer', 89.99);
INSERT INTO sales.products (category_id, product_name, brand, price) VALUES (3, 'G203 LIGHTSYNC Wired Gaming Mouse', 'Logitech', 39.99);
INSERT INTO sales.products (category_id, product_name, brand, price) VALUES (4, 'UltraSharp 34 Curved USB-C Monitor', 'Dell', 1199.99);
INSERT INTO sales.products (category_id, product_name, brand, price) VALUES (4, 'ROG Swift PG279QZ Gaming Monitor', 'ASUS', 599.99);
INSERT INTO sales.products (category_id, product_name, brand, price) VALUES (4, 'C49RG9 49" Ultrawide Curved Gaming Monitor', 'Samsung', 1299.99);
INSERT INTO sales.products (category_id, product_name, brand, price) VALUES (5, 'Beats Studio3 Wireless Noise Cancelling Headphones', 'Beats', 349.99);
INSERT INTO sales.products (category_id, product_name, brand, price) VALUES (5, 'QuietComfort Earbuds True Wireless Noise Cancelling Headphones', 'Bose', 279.99);
INSERT INTO sales.products (category_id, product_name, brand, price) VALUES (5, 'Sennheiser HD 660 S Audiophile Headphones', 'Sennheiser', 499.99);
INSERT INTO sales.products (category_id, product_name, brand, price) VALUES (6, 'PIXMA TR8620 Wireless All in One Photo Printer', 'Canon', 179.99);
INSERT INTO sales.products (category_id, product_name, brand, price) VALUES (6, 'OfficeJet Pro 9025e All-in-One Printer', 'HP', 329.99);
INSERT INTO sales.products (category_id, product_name, brand, price) VALUES (6, 'EcoTank ET-2760 Wireless Color All-in-One Cartridge-Free Supertank Printer', 'Epson', 299.99);
INSERT INTO sales.products (category_id, product_name, brand, price) VALUES (7, 'Galaxy Tab A7 Lite', 'Samsung', 159.99);
INSERT INTO sales.products (category_id, product_name, brand, price) VALUES (7, 'Fire HD 10 Tablet', 'Amazon', 149.99);
INSERT INTO sales.products (category_id, product_name, brand, price) VALUES (7, 'Surface Go 2', 'Microsoft', 399.99);
INSERT INTO sales.products (category_id, product_name, brand, price) VALUES (8, 'Pixel 6 Pro', 'Google', 899.00);
INSERT INTO sales.products (category_id, product_name, brand, price) VALUES (8, 'Galaxy Z Fold3 5G', 'Samsung', 1799.99);
INSERT INTO sales.products (category_id, product_name, brand, price) VALUES (8, 'iPhone 13 Pro', 'Apple', 999.00);
INSERT INTO sales.products (category_id, product_name, brand, price) VALUES (8, 'OnePlus 10 Pro', 'OnePlus', 899.00);
INSERT INTO sales.products (category_id, product_name, brand, price) VALUES (8, 'ROG Phone 5 Ultimate', 'ASUS', 1299.99);
INSERT INTO sales.products (category_id, product_name, brand, price) VALUES (9, 'WD Blue SN550 1TB NVMe Internal SSD', 'Western Digital', 99.99);
INSERT INTO sales.products (category_id, product_name, brand, price) VALUES (9, 'Samsung 970 EVO Plus 500GB NVMe Internal SSD', 'Samsung', 89.99);
INSERT INTO sales.products (category_id, product_name, brand, price) VALUES (9, 'Crucial MX500 2TB 3D NAND SATA Internal SSD', 'Crucial', 219.99);
INSERT INTO sales.products (category_id, product_name, brand, price) VALUES (11, 'RTX 3080 Ti Founders Edition', 'NVIDIA', 1199.99);
INSERT INTO sales.products (category_id, product_name, brand, price) VALUES (11, 'Radeon RX 6900 XT', 'AMD', 999.99);
INSERT INTO sales.products (category_id, product_name, brand, price) VALUES (11, 'GeForce RTX 3060', 'NVIDIA', 329.99);
INSERT INTO sales.products (category_id, product_name, brand, price) VALUES (11, 'Kraken Z63 280mm RGB Liquid CPU Cooler', 'NZXT', 279.99);
INSERT INTO sales.products (category_id, product_name, brand, price) VALUES (11, 'Noctua NH-D15 Chromax.Black Dual-Tower CPU Cooler', 'Noctua', 99.99);
INSERT INTO sales.products (category_id, product_name, brand, price) VALUES (11, 'Dark Rock Pro 4 CPU Cooler', 'be quiet!', 89.99);
INSERT INTO sales.products (category_id, product_name, brand, price) VALUES (11, 'H510 Elite Compact ATX Mid-Tower PC Gaming Case', 'NZXT', 149.99);
INSERT INTO sales.products (category_id, product_name, brand, price) VALUES (11, 'Lian Li PC-O11 Dynamic Razer Edition ATX Mid Tower Gaming Computer Case', 'Lian Li', 169.99);
INSERT INTO sales.products (category_id, product_name, brand, price) VALUES (11, 'Define 7 Compact Blackout Tempered Glass ATX Case', 'Fractal Design', 109.99);
INSERT INTO sales.products (category_id, product_name, brand, price) VALUES (11, 'UniFi Dream Machine Pro', 'Ubiquiti', 379.99);
INSERT INTO sales.products (category_id, product_name, brand, price) VALUES (11, 'Orbi Whole Home Mesh WiFi System', 'NETGEAR', 449.99);
INSERT INTO sales.products (category_id, product_name, brand, price) VALUES (11, 'Nighthawk AX12 12-Stream AX6000 WiFi 6 Router', 'NETGEAR', 349.99);

INSERT INTO sales.customer_addresses (address_id, country, city, street, postal_code) VALUES (1, 'USA', 'New York', '123 Main St', '10001');
INSERT INTO sales.customer_addresses (address_id, country, city, street, postal_code) VALUES (2, 'Canada', 'Toronto', '456 Queen St', 'M5V 2B5');
INSERT INTO sales.customer_addresses (address_id, country, city, street, postal_code) VALUES (3, 'UK', 'London', '78 Oxford St', 'W1D 1BS');
INSERT INTO sales.customer_addresses (address_id, country, city, street, postal_code) VALUES (4, 'France', 'Paris', '12 Rue de Rivoli', '75001');
INSERT INTO sales.customer_addresses (address_id, country, city, street, postal_code) VALUES (5, 'Germany', 'Berlin', '25 Unter den Linden', '10117');
INSERT INTO sales.customer_addresses (address_id, country, city, street, postal_code) VALUES (6, 'Spain', 'Madrid', '21 Gran Via', '28013');
INSERT INTO sales.customer_addresses (address_id, country, city, street, postal_code) VALUES (7, 'Australia', 'Sydney', '50 Martin Pl', '2000');
INSERT INTO sales.customer_addresses (address_id, country, city, street, postal_code) VALUES (8, 'Japan', 'Tokyo', '7-1 Marunouchi', '100-0005');
INSERT INTO sales.customer_addresses (address_id, country, city, street, postal_code) VALUES (9, 'China', 'Shanghai', '2000 Century Ave', '200120');
INSERT INTO sales.customer_addresses (address_id, country, city, street, postal_code) VALUES (10, 'South Korea', 'Seoul', '110 Sejong-daero', '04519');
INSERT INTO sales.customer_addresses (address_id, country, city, street, postal_code) VALUES (11, 'Brazil', 'Sao Paulo', 'Av. Paulista', '01311-200');
INSERT INTO sales.customer_addresses (address_id, country, city, street, postal_code) VALUES (12, 'Mexico', 'Mexico City', 'Av. Paseo de la Reforma', '06600');
INSERT INTO sales.customer_addresses (address_id, country, city, street, postal_code) VALUES (13, 'Italy', 'Rome', '10 Via del Corso', '00187');
INSERT INTO sales.customer_addresses (address_id, country, city, street, postal_code) VALUES (14, 'Netherlands', 'Amsterdam', '1 Dam Square', '1012 JS');
INSERT INTO sales.customer_addresses (address_id, country, city, street, postal_code) VALUES (15, 'Switzerland', 'Zurich', '1 Bahnhofstrasse', '8001');
INSERT INTO sales.customer_addresses (address_id, country, city, street, postal_code) VALUES (16, 'Sweden', 'Stockholm', '8 Drottninggatan', '111 51');
INSERT INTO sales.customer_addresses (address_id, country, city, street, postal_code) VALUES (17, 'Norway', 'Oslo', '22 Karl Johans gate', '0154');
INSERT INTO sales.customer_addresses (address_id, country, city, street, postal_code) VALUES (18, 'Denmark', 'Copenhagen', '7 Nyhavn', '1051');
INSERT INTO sales.customer_addresses (address_id, country, city, street, postal_code) VALUES (19, 'Finland', 'Helsinki', '1 Esplanadi', '00170');
INSERT INTO sales.customer_addresses (address_id, country, city, street, postal_code) VALUES (20, 'India', 'Mumbai', '120 Dinshaw Wachha Road', '400020');
INSERT INTO sales.customer_addresses (address_id, country, city, street, postal_code) VALUES (21, 'Poland', 'Warsaw', '15 Nowy Świat', '00-029');
INSERT INTO sales.customer_addresses (address_id, country, city, street, postal_code) VALUES (22, 'Poland', 'Kraków', '1 Rynek Główny', '31-042');
INSERT INTO sales.customer_addresses (address_id, country, city, street, postal_code) VALUES (23, 'Poland', 'Gdańsk', '5 Długi Targ', '80-830');
INSERT INTO sales.customer_addresses (address_id, country, city, street, postal_code) VALUES (24, 'Poland', 'Poznań', '3 Stary Rynek', '61-772');
INSERT INTO sales.customer_addresses (address_id, country, city, street, postal_code) VALUES (25, 'Poland', 'Wrocław', '10 Rynek', '50-101');
INSERT INTO sales.customer_addresses (address_id, country, city, street, postal_code) VALUES (26, 'Poland', 'Łódź', '2 Piotrkowska', '90-401');
INSERT INTO sales.customer_addresses (address_id, country, city, street, postal_code) VALUES (27, 'Poland', 'Katowice', '1 Rynek', '40-091');
INSERT INTO sales.customer_addresses (address_id, country, city, street, postal_code) VALUES (28, 'Poland', 'Bydgoszcz', '3 Mostowa', '85-101');
INSERT INTO sales.customer_addresses (address_id, country, city, street, postal_code) VALUES (29, 'Poland', 'Szczecin', '5 Plac Grunwaldzki', '70-366');
INSERT INTO sales.customer_addresses (address_id, country, city, street, postal_code) VALUES (30, 'Poland', 'Gdynia', '6 Bulwar Nadmorski im. Feliksa Nowowiejskiego', '81-374');
INSERT INTO sales.customer_addresses (address_id, country, city, street, postal_code) VALUES (31, 'Poland', 'Lublin', '1 Rynek', '20-101');
INSERT INTO sales.customer_addresses (address_id, country, city, street, postal_code) VALUES (32, 'Poland', 'Kielce', '1 Rynek', '25-003');
INSERT INTO sales.customer_addresses (address_id, country, city, street, postal_code) VALUES (33, 'Poland', 'Rzeszów', '10 Rynek', '35-064');
INSERT INTO sales.customer_addresses (address_id, country, city, street, postal_code) VALUES (34, 'Poland', 'Białystok', '5 Rynek Kościuszki', '15-121');
INSERT INTO sales.customer_addresses (address_id, country, city, street, postal_code) VALUES (35, 'Poland', 'Olsztyn', '5 Staromiejska', '10-015');
INSERT INTO sales.customer_addresses (address_id, country, city, street, postal_code) VALUES (36, 'Poland', 'Częstochowa', '1 Aleja Najświętszej Maryi Panny', '42-202');


INSERT INTO sales.customers (customer_id, address_id, first_name, last_name, email, phone_number) VALUES (1, 1, 'John', 'Doe', 'johndoe@email.com', '555-555-5555');
INSERT INTO sales.customers (customer_id, address_id, first_name, last_name, email, phone_number) VALUES (1, 2, 'Jane', 'Doe', 'janedoe@email.com', '555-555-5556');

INSERT INTO sales.stores (store_id, store_name, country, city, street, postal_code, store_size) VALUES (1, 'SuperMart', 'USA', 'New York', '789 Broadway', '10011', 10000);
INSERT INTO sales.stores (store_id, store_name, country, city, street, postal_code, store_size) VALUES (2, 'HyperMart', 'Canada', 'Toronto', '654 King St', 'M5V 2B6', 20000);

INSERT INTO sales.employees (employee_id, first_name, last_name, email, phone_number, start_date, end_date) VALUES (1, 'Jack', 'Smith', 'jacksmith@email.com', '555-555-5557', '2022-01-01', '2023-01-01');
INSERT INTO sales.employees (employee_id, first_name, last_name, email, phone_number, start_date, end_date) VALUES (2, 'Jane', 'Smith', 'janesmith@email.com', '555-555-5558', '2021-01-01', NULL);

INSERT INTO sales.orders (order_id, store_id, employee_id, customer_id, order_status, order_date, shipped_date) VALUES (1, 1, 1, 1, 1, '2022-12-31 12:00:00', '2022-12-31 18:00:00');
INSERT INTO sales.orders (order_id, store_id, employee_id, customer_id, order_status, order_date, shipped_date) VALUES (2, 2, 2, 2, 2, '2022-12-31 12:00:00', NULL);

INSERT INTO sales.product_discounts (discount_id, discount, active) VALUES (0.10, 1);

INSERT INTO sales.order_items (order_id, discount_id, product_id, quantity) VALUES (1, 1, 1, 2);

INSERT INTO sales.product_inventories (product_id, store_id, quantity) VALUES (1, 1, 100);
INSERT INTO sales.product_inventories (product_id, store_id, quantity) VALUES (1, 2, 100);
INSERT INTO sales.product_inventories (product_id, store_id, quantity) VALUES (1, 3, 100);
INSERT INTO sales.product_inventories (product_id, store_id, quantity) VALUES (1, 4, 100);
INSERT INTO sales.product_inventories (product_id, store_id, quantity) VALUES (1, 5, 100);